Zone ID,Zone,City Code,TCS ID,Centre code,LISP,Add1,Add2,Add3,Pincode,City,State,Max,S1-ME1,S1-EC1,S2-ME2,"S2-BT, CH, GG, MN, PH",S3-ME3,S3-EC2,S4-EC3,"S4-AR, CY, IN, MA, PE",S5-CS1,S5-CE1,S6-CS2,S6-EE1,S7-CE2,"S7-AG, EY, MT, PI",S8-EE2,"S8-AE, TF, XL, XE",PwD-Friendly
5,IIT KANPUR,2,,5001,Anand Engineering College,Agra-Delhi Highway  NH2  Keetham,Agra Uttar Pradesh India,,282007,Agra,Uttar Pradesh,300,188,102,101,107,195,106,51,66,65,153,165,53,197,17,223,58,YES
5,IIT KANPUR,2,,5002,Hindustan Institute Of Technology And Management,Hindustan Institute of Technology and Management Agra 19 km stone NH 2,Agra Delhi Highway,,282007,Agra,Uttar Pradesh,200,110,60,97,103,124,67,83,108,60,141,152,49,123,10,104,28,YES
5,IIT KANPUR,2,,5003,K. P. Group of Institutions,NH-2 Agra-Firozabad Road Etmadpur,Agra Uttar Pradesh India,,283202,Agra,Uttar Pradesh,140,85,46,59,62,65,36,44,57,42,99,106,35,0,0,0,0,YES
5,IIT KANPUR,7,,5004,Mangalaytan University,"extended NCR, 33 Mile Stone Mathura Aligarh Highway",Uttar Pradesh India,,202145,Aligarh,Uttar Pradesh,200,143,58,1,200,143,58,26,175,102,64,53,113,144,22,76,91,YES
5,IIT KANPUR,7,,5005,Institute of Technology & Management,Aligarh – Palwal-Delhi Road Karsua Aligarh,Uttar Pradesh India,,202001,Aligarh,Uttar Pradesh,246,175,72,1,245,175,71,32,214,119,75,62,132,169,26,88,106,YES
5,IIT KANPUR,8,,5006,Shambhunath Institute of Engineering And Technology,Near IIIT Jhalwa Allahabad,Uttar Pradesh India,,211012,Allahabad,Uttar Pradesh,401,222,180,265,136,222,179,110,212,187,215,148,254,193,70,203,90,YES
5,IIT KANPUR,8,,5007,United Institute of Technology,D2 and 3 Upsidc Industrial Area ,Naini-Allahabad,,211010,Allahabad,Uttar Pradesh,308,171,139,199,102,171,138,69,132,140,161,111,190,193,70,198,88,YES
5,IIT KANPUR,8,,5008,B.B.S. Group of Institutions, Gaddopur Phaphamau Allahabad,Uttar Pradesh India,,211013,Allahabad,Uttar Pradesh,350,194,157,154,79,194,157,56,107,136,157,108,185,78,28,182,81,YES
5,IIT KANPUR,8,,5009,United College of Engineering and Research naini Ald,A-31 UPSIDC Industrial Area Naini-Allahabad,Uttar Pradesh India,,211010,Allahabad,Uttar Pradesh,150,84,68,100,51,83,68,52,99,70,81,56,95,0,0,0,0,YES
5,IIT KANPUR,8,,5010,Madhu Vachaspati Institute Of Engineering & Technology,Koilaha Puramufti  G.T. Road-Kaushambi,Uttar Pradesh India,,212213,Allahabad,Uttar Pradesh,0,0,0,0,0,0,0,0,0,0,0,0,0,0,0,0,0,YES
5,IIT KANPUR,8,,5011,Shambhunath Institute of Management, Jhalwa Allahabad,Uttar Pradesh India,,211012,Allahabad,Uttar Pradesh,0,0,0,0,0,0,0,0,0,0,0,0,0,0,0,0,0,YES
5,IIT KANPUR,8,,5012,Dr. Rizvi College Of Engineering,Rizvi Educational Complex Karari Kaushambi ,Uttar Pradesh India,,212206,Allahabad,Uttar Pradesh,0,0,0,0,0,0,0,0,0,0,0,0,0,0,0,0,0,YES
5,IIT KANPUR,25,,5013,Invertis University,Invertis Village Bareilly Lucknow NH24-Bareilly,Uttar Pradesh India,,243123,Barielly,Uttar Pradesh,294,192,102,130,164,192,102,129,165,143,120,141,122,0,0,109,42,YES
5,IIT KANPUR,25,,5014,Future Institute of Engineering and Technology,18th Milesstone Bareilly Lucknow NH24,Near Faridpur Bareilly,Uttar Pradesh India,243503,Barielly,Uttar Pradesh,121,79,43,53,68,79,42,53,68,66,55,65,56,63,11,87,34,YES
5,IIT KANPUR,33,,5015,Oriental Institute CENTER 1,Thakral Nagar Raisen Road,"Bhopal,Madhya Pradesh,India ",,462021,Bhopal,Madhya Pradesh,449,247,108,293,61,247,108,261,94,215,235,260,190,358,19,351,37,YES
5,IIT KANPUR,33,,5016,Oriental Institute CENTER 2,"Thakral Nagar, Raisen Road, ","Bhopal,Madhya Pradesh,India",,462021,Bhopal,Madhya Pradesh,340,188,83,224,47,188,82,199,72,163,178,197,144,229,12,218,23,YES
5,IIT KANPUR,33,,5017,Radharaman Group of Institution,Bhadbhada Road Ratibad,"Bhopal,Madhya Pradesh,India ",,462002,Bhopal,Madhya Pradesh,200,140,61,166,35,140,61,148,53,96,105,116,85,191,10,182,19,YES
5,IIT KANPUR,33,,5018,Radharaman engineering College,Bhadbhada Road Ratibad,"Bhopal,Madhya Pradesh,India ",,462002,Bhopal,Madhya Pradesh,230,161,70,191,40,161,70,170,61,110,121,133,97,219,12,209,22,YES
5,IIT KANPUR,33,,5019,Radharaman institute reasearch & technology,Bhadbhada Road Ratibad,"Bhopal,Madhya Pradesh,India ",,462002,Bhopal,Madhya Pradesh,190,133,58,158,33,133,58,140,50,0,0,0,0,0,0,0,0,YES
5,IIT KANPUR,33,,5020,NRI Group of Institutions,Sajjan Singh Nagar Raisen Road," Bhopal,Madhya Pradesh,India ",,462022,Bhopal,Madhya Pradesh,190,133,58,158,33,133,58,140,50,0,0,0,0,0,0,0,0,YES
5,IIT KANPUR,33,,5021,Corporate Group Of Institutes,"Hathaikheda, Near Patel Nagar Raisen Road","Bhopal,Madhya Pradesh,India",,462022,Bhopal,Madhya Pradesh,250,174,77,207,44,174,76,185,66,120,131,145,106,238,13,227,24,YES
5,IIT KANPUR,33,,5022,IES Group Of Institution Bhopal Center 1,Kalkehda Ratibad Main road ," Bhopal,Madhya Pradesh, India,",,462044,Bhopal,Madhya Pradesh,380,195,86,232,49,195,86,207,74,182,199,220,161,362,19,345,36,YES
5,IIT KANPUR,33,,5023,IES Group Of Institution Bhopal Center 2,Kalkehda Ratibad Main road ,"Bhopal,Madhya Pradesh, India,",,462044,Bhopal,Madhya Pradesh,150,105,46,125,26,105,46,111,40,0,0,0,0,0,0,0,0,YES
5,IIT KANPUR,33,,5024,Sagar Institute of Science and Technology Gandhinagar Bhopal,"Jaipur Road, Near International Airport Gandhi Nagar","Bhopal,Madhya Pradesh,India",,462036,Bhopal,Madhya Pradesh,280,126,55,149,31,126,55,133,48,134,147,162,119,267,14,254,27,YES
5,IIT KANPUR,33,,5025,LAKSHMI NARAYAN COLLEGE OF TECHNOLOGY EXCELLENCE,"Khajuri Khurd, Raisen Road Anand Nagar","Bhopal,Madhya Pradesh,India ",,462021,Bhopal,Madhya Pradesh,230,126,55,149,31,126,55,133,48,110,121,133,97,219,12,209,22,YES
5,IIT KANPUR,33,,5026,Technocrats Institute of Technology,Anand Nagar In front of Hathaikheda Dam P.B No. 24  Piplani,"BHEL,, Bhopal,Madhya Pradesh,India ",,462021,Bhopal,Madhya Pradesh,180,126,55,149,31,126,55,133,48,0,0,0,0,0,0,0,0,YES
5,IIT KANPUR,33,,5027,Sagar Institute Of Research & Technology,Ayodhya Bypass Road,BhopalMadhya PradeshIndia ,,462041,Bhopal,Madhya Pradesh,240,133,58,158,33,133,58,140,50,115,126,139,102,229,12,218,23,YES
5,IIT KANPUR,33,,5028,Trinity Institute of Technology and Research,Kokta Bypass raisen road,"Bhopal,Madhya Pradesh,India ",,462038,Bhopal,Madhya Pradesh,240,147,64,174,37,147,64,155,56,115,126,139,102,229,12,218,23,YES
5,IIT KANPUR,33,,5029,Vidhyapeeth Institute Of Science And Technology,Near New S.O.S Balgram Sahara By-Pass , Raisen Road Bhopal Madhya Pradesh India ,,462021,Bhopal,Madhya Pradesh,140,98,43,116,25,98,43,104,37,0,0,0,0,0,0,0,0,YES
5,IIT KANPUR,66,,5030,Institute Of Professional Studies,Shivpuri Link Road Bela ki Bawadi Tiraha,Gwalior Madhya Pradesh India,,474001,Gwalior,Madhya Pradesh,320,182,138,218,102,183,138,239,81,40,131,320,0,106,8,251,46,YES
5,IIT KANPUR,66,,5031,"ShriRam Group Of Colleges, Gwalior",National Expressway Opp Narrow Gauge railway station,"Gwalior,Madhya Pradesh India",,476444,Gwalior,Madhya Pradesh,105,57,44,69,32,58,43,75,26,24,77,105,0,94,7,85,16,YES
5,IIT KANPUR,66,,5032,NRI College Of Engineering and Management,BAARAGHATA NEAR RAILWAY UNDER BRIDGE JHANSI ROAD," Gwalior,Madhya Pradesh India- ",,474001,Gwalior,Madhya Pradesh,150,80,61,96,45,80,60,105,36,33,107,150,0,101,7,128,24,YES
5,IIT KANPUR,66,,5033,MALWA INSTITUTE OF TECHNOLOGY and MANAGEMENT,NH-75 Sikroda Badori Jhansi Road,GwaliorMadhya Pradesh India,,475001,Gwalior,Madhya Pradesh,120,69,52,82,39,69,52,90,31,28,92,120,0,0,0,85,16,YES
5,IIT KANPUR,66,,5034,Laksmi narain college of technology,GRAM RAI CHITORA ROAD NEAR BADA GAON MORAR CANT, Gwalior Madhya Pradesh India ,,474006,Gwalior,Madhya Pradesh,105,57,44,69,32,58,43,75,26,24,77,105,0,0,0,0,0,YES
5,IIT KANPUR,66,,5035,BETHESDA INSTITUTE OF TECHNOLOGY AND SCIENCES,RATTWAI CHITTORA ROAD MORAR,Gwalior Madhya Pradesh India ,,474006,Gwalior,Madhya Pradesh,100,0,0,0,0,0,0,0,0,14,46,100,0,0,0,0,0,YES
5,IIT KANPUR,77,,5036,Gyan Ganga Institute of Technology and Sciences CENTER 1,Tilwara Ghat Road Garha Near Bargi Hills Tripura Ward,JabalpurMadhya PradeshIndia,,482003,Jabalpur,Madhya Pradesh,301,159,141,247,53,160,142,181,40,113,127,183,57,173,67,222,18,YES
5,IIT KANPUR,77,,5037,Gyan Ganga Institute of Technology and Sciences CENTER 2,Tilwara Ghat Road Garha Near Bargi Hills Tripura Ward,"Jabalpur Madhya Praesh,India-",,482003,Jabalpur,Madhya Pradesh,322,171,152,266,57,171,152,204,45,133,148,215,66,202,79,260,21,YES
5,IIT KANPUR,77,,5038,Shri Ram Institute Of Technology Campus CENTER 1,Near ITI madhotal, Jabalpur Madhya Pradesh India,,482001,Jabalpur,Madhya Pradesh,300,159,141,168,36,159,141,138,30,123,138,199,62,188,73,242,19,YES
5,IIT KANPUR,90,,5039,Krishna Institute Of Technology,Gram Amliha Post Tatiya Gang,Tehsil Billhaur Kanpur,,209217,Kanpur,Uttar Pradesh,300,159,92,65,186,159,92,53,97,198,103,193,109,147,54,117,169,YES
5,IIT KANPUR,90,,5040,Kanpur Institute of Technology, A-1 UPSIDC Industrial Area Rooma,Kanpur Allahabad RoadKanpur,,208001,Kanpur,Uttar Pradesh,243,153,88,54,157,152,88,57,104,145,75,141,79,140,51,100,144,YES
5,IIT KANPUR,90,,5041,Dr Virendra Swarup Group of Institutions,Ragendra Swarup Knowledge City Kanpur Lucknow Highway  ,Near Azad Marg Chauraha  Unnao,,209861,Kanpur,Uttar Pradesh,200,102,59,40,117,102,59,36,65,132,69,129,73,78,29,68,98,YES
5,IIT KANPUR,90,,5042,Allen House Institute of Technology,Kulgaon road,Rooma  kanpur ,,208008,Kanpur,Uttar Pradesh,200,102,59,36,105,102,59,36,65,132,69,129,73,74,27,66,95,YES
5,IIT KANPUR,90,,5043,PSIT - 1,Kanpur-Agra-New Delhi,National Highway-2 Bhauti-Kanpur,,209305,Kanpur,Uttar Pradesh,200,127,74,44,127,128,73,62,113,121,63,117,66,0,0,0,0,YES
5,IIT KANPUR,90,,5044,PSIT - 2,Kanpur-Agra-New Delhi National Highway-2,  Bhauti-Kanpur,,209305,Kanpur,Uttar Pradesh,208,133,76,39,112,133,76,57,104,0,0,0,0,0,0,0,0,YES
5,IIT KANPUR,90,,5045,Dr. Ambedkar Institute of Technology For Handicapped,Opp. Rama Dental  Awadhpuri ,Kanpur Uttar Pradesh India ,,208024,Kanpur,Uttar Pradesh,151,96,56,39,112,97,56,36,65,0,0,0,0,0,0,0,0,YES
5,IIT KANPUR,109,,5046,Integral University,Dasauli P.O.Bas-ha Kursi Road Lucknow,Uttar Pradesh India,,226026,Lucknow,Uttar Pradesh,431,0,0,0,0,0,0,0,0,43,98,88,53,369,32,315,117,YES
5,IIT KANPUR,109,,5047,Sri Ram Swaroop Memorial College Of Engineering And Management,Tiwariganj Faizabad Road Lucknow,Uttar Pradesh India,,227105,Lucknow,Uttar Pradesh,210,141,97,115,96,141,64,78,112,62,139,126,75,157,14,146,55,YES
5,IIT KANPUR,109,,5048,Azad Group of Institutions,Azad Puram Adjacent CRPF CAMP, Post Chandrawal  Via Banglabazar Road-Lucknow,Uttar Pradesh India,226002,Lucknow,Uttar Pradesh,430,285,197,234,193,285,130,157,227,111,251,227,135,277,24,314,117,YES
5,IIT KANPUR,109,,5049,Bansal Institute of Engineering and Technology,NH 24 Near Seva Hospital,Kamlabad Sitapur Road Lucknow,Uttar Pradesh India,226021,Lucknow,Uttar Pradesh,210,121,84,99,82,121,55,67,96,65,146,132,79,149,13,146,55,YES
5,IIT KANPUR,109,,5050,Asia School Engineering and Management,12  Milestone Kursi Road,Near Integral University-Lucknow,Uttar Pradesh India,226026,Lucknow,Uttar Pradesh,170,101,70,83,68,101,46,56,80,52,119,107,64,120,11,110,41,YES
5,IIT KANPUR,109,,5051,Surya Group of Institutions,Village Gaura Raebareli Road ,Mohanlalganj Lucknow,Uttar Pradesh India,227305,Lucknow,Uttar Pradesh,140,87,61,72,59,87,40,48,70,43,98,88,53,111,10,103,38,YES
5,IIT KANPUR,109,,5052,Ambalika Institute Of Management And Technology,Maurawan Road,Mohanlalganj-Lucknow,Uttar Pradesh India,226301,Lucknow,Uttar Pradesh,140,87,61,72,59,87,40,48,70,43,98,88,53,111,10,88,33,YES
5,IIT KANPUR,109,,5053,G.C.R.G Memorial Trusts Group of Institutions,Chandrika Devi Road,Bakshi Ka Talab-Lucknow,Uttar Pradesh India,227202,Lucknow,Uttar Pradesh,150,87,61,72,59,87,40,48,70,46,105,95,56,120,11,110,41,YES
5,IIT KANPUR,109,,5054,Dr. M C Saxena Group of Colleges,"171, BarawanKala Mall Road",Dubagga-IIM Bypass Lucknow ,Uttar Pradesh India,226101,Lucknow,Uttar Pradesh,140,87,61,72,59,87,40,48,70,43,98,88,53,93,8,103,38,YES
5,IIT KANPUR,109,,5055,Lucknow Institute of Technology,Azad Puram adjacent CRPF Group Center Post Chandrawal,Bijnour-Banthra Road-Lucknow,Uttar Pradesh India,226002,Lucknow,Uttar Pradesh,130,87,61,72,59,87,40,48,70,40,91,82,49,120,11,95,36,YES
5,IIT KANPUR,109,,5056,BN College Of Engineering and Technology,BNCET NH- 24 Near Sahara Art  and Management,Bakshi Ka Talab Sitapur Road,Uttar Pradesh India,227202,Lucknow,Uttar Pradesh,140,91,63,75,62,91,42,50,73,43,98,88,53,0,0,0,0,YES
5,IIT KANPUR,109,,5057,Royal PG College,Royal campus Opposit Gate No. 6 vidhansabha,Near Pratibha cinema,"Hazratganj,Lucknow,Uttar Pradesh,India ",226001,Lucknow,Uttar Pradesh,244,145,100,119,98,145,66,80,115,75,170,154,91,0,0,0,0,YES
5,IIT KANPUR,187,,5058,Kashi Institute Of Technology CENTER 1,MS 23 Varanasi-Allahabad Highway,Mirzamurad-Varanasi,Uttar Pradesh India,221307,Varanasi,Uttar Pradesh,300,213,84,0,312,213,84,90,212,126,152,63,215,0,0,0,0,YES
5,IIT KANPUR,187,,5059,Kashi Institute Of Technology CENTER 2,MS 23 Varanasi-Allahabad Highway,Mirzamurad-Varanasi,Uttar Pradesh India,221307,Varanasi,Uttar Pradesh,200,142,56,0,207,142,56,60,141,91,110,46,155,0,103,0,200,YES
5,IIT KANPUR,187,,5060,Shepa Campus,Nibia Bachchaon, Landmark near DPS Varanasi,Uttar Pradesh India,221011,Varanasi,Uttar Pradesh,130,85,34,0,125,86,34,36,85,55,66,28,93,0,0,0,130,YES
5,IIT KANPUR,187,,5061,"School Of Management Sciences, Varanasi","Khushipur, Post Bachhaon Mohan Sarai", Mugal Sarai Bye Pass -Varanasi,Uttar Pradesh India,221011,Varanasi,Uttar Pradesh,280,181,71,0,265,181,71,77,180,127,153,64,217,0,0,0,231,YES
5,IIT KANPUR,187,,5062,JeevanDeep Institute of Management & Technology,Bara Lalpur Post-Lamhii,Varanasi,Uttar Pradesh India,221007,Varanasi,Uttar Pradesh,0,0,0,0,0,0,0,0,0,0,0,0,0,0,0,0,0,YES
5,IIT KANPUR,187,,5063,BHU University CENTER 1,Ramnagar road opposite madan mohan malvia road, near sir sundar hospital saket nagar colony lanka varanasi uttar pradesh,Uttar Pradesh India,221005,Varanasi,Uttar Pradesh,0,0,0,0,0,0,0,0,0,0,0,0,0,0,0,0,0,YES
5,IIT KANPUR,187,,5064,OCBT IT services,"Maharishi Dayanand marg, Narharpura", Aushanganj Varanasi Uttar Pradesh India ,,221001,Varanasi,Uttar Pradesh,80,0,0,0,0,0,0,0,0,37,44,19,62,0,81,0,80,YES
5,IIT KANPUR,187,,5065,Ambition Institute of Technology,G. T. Road Marhia,Parao-Varanasi,Uttar Pradesh India,221102,Varanasi,Uttar Pradesh,0,0,0,0,0,0,0,0,0,0,0,0,0,0,0,0,0,YES
5,IIT KANPUR,109,,5066,BBD Nothern India Institute of Technology,SEC 2 Akhilesh Das Nagar Faizabad Road,Lucknow Uttar Pradesh India ,,227105,Lucknow,Uttar Pradesh,415,278,192,228,188,278,127,153,221,123,278,252,149,0,0,0,0,YES
5,IIT KANPUR,66,,5067,"SHRI KRISHNA INSTITUTE OF TECHNOLOGY and MANAGEMENT, Gwalior",Bhatkheri Jhansi Road," Gwalior,Madhya Pradesh,India",,474001,Gwalior,Madhya Pradesh,100,0,0,0,0,0,0,0,0,14,46,100,0,0,0,0,0,YES
